cutoff,precision,recall
1,0.00157505,0.000927454
2,0.00141755,0.00135967
3,0.00105003,0.00143186
4,0.000787526,0.00143186
5,0.000724524,0.00160812
6,0.000735024,0.00209743
7,0.000675022,0.00241244
8,0.000669397,0.00304247
9,0.00063002,0.00317372
10,0.000598519,0.00348873
11,0.000572746,0.00369874
16,0.0005808,0.0052658
21,0.000547518,0.00637314
26,0.000514921,0.00708174
31,0.000497919,0.00820617
36,0.00046814,0.00924571
41,0.000426416,0.00958872
46,0.000428003,0.0111857
