cutoff,precision,recall
1,0.0032833,0.00291477
2,0.00257974,0.00438295
3,0.0026058,0.00623587
4,0.00226704,0.00695842
5,0.00240775,0.00920169
6,0.00205858,0.00936099
7,0.00187617,0.00974681
8,0.00177846,0.0102593
9,0.00171982,0.0115101
10,0.00167292,0.0123191
11,0.00162033,0.0128129
16,0.00150485,0.017094
21,0.00143691,0.0210742
26,0.00129889,0.0236516
31,0.00121548,0.0258433
36,0.00116392,0.0282933
41,0.00110969,0.0304875
46,0.00103665,0.0313876
